{"cameraMode":{"drawMode":0,"name":"Shaded","section":"Shading Mode"},"sceneLighting":true,"audioPlay":false,"sceneViewState":{"showFog":true,"showMaterialUpdate":false,"showSkybox":true,"showFlares":true,"showImageEffects":true,"showParticleSystems":true},"in2DMode":false,"pivot":{"x":4.403956413269043,"y":-8.194862365722657,"z":19.388835906982423},"rotation":{"x":-0.1138983741402626,"y":-0.053029317408800128,"z":0.006088304333388805,"w":-0.9920580983161926},"size":44.39282989501953,"orthographic":false}