{"cameraMode":{"drawMode":0,"name":"Shaded","section":"Shading Mode"},"sceneLighting":true,"audioPlay":false,"sceneViewState":{"showFog":true,"showMaterialUpdate":false,"showSkybox":true,"showFlares":true,"showImageEffects":true,"showParticleSystems":true},"in2DMode":false,"pivot":{"x":-4.658003807067871,"y":0.14378976821899415,"z":-6.514421463012695},"rotation":{"x":-0.08521229028701782,"y":0.27631741762161257,"z":-0.024604039266705514,"w":-0.9569683074951172},"size":31.541440963745118,"orthographic":false}