{"cameraMode":{"drawMode":0,"name":"Shaded","section":"Shading Mode"},"sceneLighting":true,"audioPlay":false,"sceneViewState":{"showFog":true,"showMaterialUpdate":false,"showSkybox":true,"showFlares":true,"showImageEffects":true,"showParticleSystems":true},"in2DMode":false,"pivot":{"x":398.7622375488281,"y":534.9139404296875,"z":49.6412353515625},"rotation":{"x":-0.028793536126613618,"y":0.02908128872513771,"z":-0.0008376017794944346,"w":-0.9991638660430908},"size":873.3343505859375,"orthographic":false}