{"cameraMode":{"drawMode":0,"name":"Shaded","section":"Shading Mode"},"sceneLighting":true,"audioPlay":false,"sceneViewState":{"showFog":true,"showMaterialUpdate":false,"showSkybox":true,"showFlares":true,"showImageEffects":true,"showParticleSystems":true},"in2DMode":false,"pivot":{"x":0.2664576768875122,"y":3.9628348350524904,"z":21.041597366333009},"rotation":{"x":0.10149981081485748,"y":-0.017312077805399896,"z":-0.0017665245104581118,"w":-0.9946834444999695},"size":46.296566009521487,"orthographic":false}