{"cameraMode":{"drawMode":0,"name":"Shaded","section":"Shading Mode"},"sceneLighting":true,"audioPlay":false,"sceneViewState":{"showFog":true,"showMaterialUpdate":false,"showSkybox":true,"showFlares":true,"showImageEffects":true,"showParticleSystems":true},"in2DMode":false,"pivot":{"x":408.45416259765627,"y":181.00152587890626,"z":-92.37982177734375},"rotation":{"x":-0.23979011178016663,"y":0.1412375122308731,"z":-0.035284124314785007,"w":-0.9598500728607178},"size":964.709716796875,"orthographic":false}