{"cameraMode":{"drawMode":0,"name":"Shaded","section":"Shading Mode"},"sceneLighting":true,"audioPlay":false,"sceneViewState":{"showFog":true,"showMaterialUpdate":false,"showSkybox":true,"showFlares":true,"showImageEffects":true,"showParticleSystems":true},"in2DMode":false,"pivot":{"x":-4.18263053894043,"y":-1.9098514318466187,"z":-14.286625862121582},"rotation":{"x":-0.09576335549354553,"y":0.19488784670829774,"z":-0.019122827798128129,"w":-0.9759544730186462},"size":14.860950469970704,"orthographic":false}