{"cameraMode":{"drawMode":0,"name":"Shaded","section":"Shading Mode"},"sceneLighting":true,"audioPlay":false,"sceneViewState":{"showFog":true,"showMaterialUpdate":false,"showSkybox":true,"showFlares":true,"showImageEffects":true,"showParticleSystems":true},"in2DMode":false,"pivot":{"x":-4.959619998931885,"y":-2.7494912147521974,"z":-6.860000133514404},"rotation":{"x":-0.031131334602832795,"y":0.20453797280788423,"z":-0.006508211139589548,"w":-0.978344202041626},"size":9.179506301879883,"orthographic":false}