{"cameraMode":{"drawMode":0,"name":"Shaded","section":"Shading Mode"},"sceneLighting":true,"audioPlay":false,"sceneViewState":{"showFog":true,"showMaterialUpdate":false,"showSkybox":true,"showFlares":true,"showImageEffects":true,"showParticleSystems":true},"in2DMode":false,"pivot":{"x":34.20233917236328,"y":14.259650230407715,"z":-23.342761993408204},"rotation":{"x":-0.22419635951519013,"y":0.43587055802345278,"z":-0.11306657642126084,"w":-0.8642750978469849},"size":6.971032619476318,"orthographic":false}