{"cameraMode":{"drawMode":0,"name":"Shaded","section":"Shading Mode"},"sceneLighting":true,"audioPlay":false,"sceneViewState":{"showFog":true,"showMaterialUpdate":false,"showSkybox":true,"showFlares":true,"showImageEffects":true,"showParticleSystems":true},"in2DMode":false,"pivot":{"x":575.5932006835938,"y":500.19683837890627,"z":0.000011974572771578096},"rotation":{"x":-0.045270390808582309,"y":-0.03236398473381996,"z":0.0014677116414532066,"w":-0.9984502196311951},"size":1308.9647216796875,"orthographic":false}