{"cameraMode":{"drawMode":0,"name":"Shaded","section":"Shading Mode"},"sceneLighting":true,"audioPlay":false,"sceneViewState":{"showFog":true,"showMaterialUpdate":false,"showSkybox":true,"showFlares":true,"showImageEffects":true,"showParticleSystems":true},"in2DMode":false,"pivot":{"x":5.281895637512207,"y":11.633953094482422,"z":-16.817649841308595},"rotation":{"x":-0.14505457878112794,"y":0.569444477558136,"z":-0.10292139649391175,"w":-0.8025591373443604},"size":15.529693603515625,"orthographic":false}