{"cameraMode":{"drawMode":0,"name":"Shaded","section":"Shading Mode"},"sceneLighting":false,"audioPlay":false,"sceneViewState":{"showFog":true,"showMaterialUpdate":false,"showSkybox":false,"showFlares":true,"showImageEffects":true,"showParticleSystems":true},"in2DMode":false,"pivot":{"x":0.20095829665660859,"y":-0.627855122089386,"z":-1.258131504058838},"rotation":{"x":0.00001584747042215895,"y":0.998606264591217,"z":-0.052785057574510577,"w":0.0003005716425832361},"size":5.7157673835754398,"orthographic":false}