{"cameraMode":{"drawMode":0,"name":"Shaded","section":"Shading Mode"},"sceneLighting":false,"audioPlay":false,"sceneViewState":{"showFog":true,"showMaterialUpdate":false,"showSkybox":false,"showFlares":true,"showImageEffects":true,"showParticleSystems":true},"in2DMode":false,"pivot":{"x":-0.25431951880455019,"y":0.610863983631134,"z":0.0006256103515625},"rotation":{"x":0.005690558347851038,"y":0.003598108422011137,"z":0.000017991711501963437,"w":-0.9999909996986389},"size":4.012362003326416,"orthographic":false}