{"cameraMode":{"drawMode":0,"name":"Shaded","section":"Shading Mode"},"sceneLighting":false,"audioPlay":false,"sceneViewState":{"showFog":true,"showMaterialUpdate":false,"showSkybox":false,"showFlares":true,"showImageEffects":true,"showParticleSystems":true},"in2DMode":false,"pivot":{"x":-1.5500001907348633,"y":10.720000267028809,"z":-6.260000228881836},"rotation":{"x":-0.019802941009402276,"y":0.023091772571206094,"z":-0.00046023348113521934,"w":-0.999549150466919},"size":55.964149475097659,"orthographic":false}