{"cameraMode":{"drawMode":0,"name":"Shaded","section":"Shading Mode"},"sceneLighting":true,"audioPlay":false,"sceneViewState":{"showFog":true,"showMaterialUpdate":false,"showSkybox":true,"showFlares":true,"showImageEffects":true,"showParticleSystems":true},"in2DMode":false,"pivot":{"x":-6.17807674407959,"y":-7.070000171661377,"z":-6.255437850952148},"rotation":{"x":-0.045292485505342486,"y":-0.008394302800297737,"z":0.0003806588938459754,"w":-0.9989386200904846},"size":5.857884883880615,"orthographic":false}