{"cameraMode":{"drawMode":0,"name":"Shaded","section":"Shading Mode"},"sceneLighting":true,"audioPlay":false,"sceneViewState":{"showFog":true,"showMaterialUpdate":false,"showSkybox":true,"showFlares":true,"showImageEffects":true,"showParticleSystems":true},"in2DMode":false,"pivot":{"x":-1.4182822704315186,"y":0.05276608467102051,"z":-9.4273681640625},"rotation":{"x":-0.046788010746240619,"y":0.014081502333283425,"z":-0.0006594150909222662,"w":-0.9988083839416504},"size":22.08478546142578,"orthographic":false}