{"cameraMode":{"drawMode":0,"name":"Shaded","section":"Shading Mode"},"sceneLighting":true,"audioPlay":false,"sceneViewState":{"showFog":true,"showMaterialUpdate":false,"showSkybox":true,"showFlares":true,"showImageEffects":true,"showParticleSystems":true},"in2DMode":false,"pivot":{"x":-83.30262756347656,"y":-373.9791259765625,"z":714.3335571289063},"rotation":{"x":0.2449987828731537,"y":-0.046520479023456576,"z":0.011770143173635006,"w":0.9683358669281006},"size":8112.66455078125,"orthographic":false}