{"cameraMode":{"drawMode":0,"name":"Shaded","section":"Shading Mode"},"sceneLighting":true,"audioPlay":false,"sceneViewState":{"showFog":true,"showMaterialUpdate":false,"showSkybox":true,"showFlares":true,"showImageEffects":true,"showParticleSystems":true},"in2DMode":false,"pivot":{"x":0.20305615663528443,"y":-3.761080026626587,"z":4.724357604980469},"rotation":{"x":0.10212738066911698,"y":-0.010448765940964222,"z":0.0010776726994663478,"w":0.9947330355644226},"size":28.28536605834961,"orthographic":false}