{"cameraMode":{"drawMode":0,"name":"Shaded","section":"Shading Mode"},"sceneLighting":true,"audioPlay":false,"sceneViewState":{"showFog":true,"showMaterialUpdate":false,"showSkybox":true,"showFlares":true,"showImageEffects":true,"showParticleSystems":true},"in2DMode":false,"pivot":{"x":-0.6312484741210938,"y":-0.045497745275497439,"z":-6.735383987426758},"rotation":{"x":-0.04672233760356903,"y":-0.05481567978858948,"z":0.0025677578523755075,"w":-0.9974082112312317},"size":18.001785278320314,"orthographic":false}