{"cameraMode":{"drawMode":0,"name":"Shaded","section":"Shading Mode"},"sceneLighting":true,"audioPlay":false,"sceneViewState":{"showFog":true,"showMaterialUpdate":false,"showSkybox":true,"showFlares":true,"showImageEffects":true,"showParticleSystems":true},"in2DMode":false,"pivot":{"x":0.6635671257972717,"y":0.5293676853179932,"z":-12.063136100769043},"rotation":{"x":0.028805511072278024,"y":0.001494264928624034,"z":-0.00004304805406718515,"w":0.9995877146720886},"size":15.373090744018555,"orthographic":false}