{"cameraMode":{"drawMode":0,"name":"Shaded","section":"Shading Mode"},"sceneLighting":true,"audioPlay":false,"sceneViewState":{"showFog":true,"showMaterialUpdate":false,"showSkybox":true,"showFlares":true,"showImageEffects":true,"showParticleSystems":true},"in2DMode":false,"pivot":{"x":0.9135265350341797,"y":-0.16525602340698243,"z":-14.964151382446289},"rotation":{"x":-0.24360430240631104,"y":0.3068494498729706,"z":-0.08156605064868927,"w":-0.9164333939552307},"size":14.860950469970704,"orthographic":false}