{"cameraMode":{"drawMode":0,"name":"Shaded","section":"Shading Mode"},"sceneLighting":false,"audioPlay":false,"sceneViewState":{"showFog":true,"showMaterialUpdate":false,"showSkybox":false,"showFlares":true,"showImageEffects":true,"showParticleSystems":true},"in2DMode":false,"pivot":{"x":6.763429164886475,"y":2.4574549198150636,"z":-6.860000133514404},"rotation":{"x":0.007187377195805311,"y":0.02909262664616108,"z":0.0002098590775858611,"w":-0.999556303024292},"size":2.8578836917877199,"orthographic":false}