{"cameraMode":{"drawMode":0,"name":"Shaded","section":"Shading Mode"},"sceneLighting":true,"audioPlay":false,"sceneViewState":{"showFog":true,"showMaterialUpdate":false,"showSkybox":true,"showFlares":true,"showImageEffects":true,"showParticleSystems":true},"in2DMode":false,"pivot":{"x":0.6333880424499512,"y":0.9367444515228272,"z":-4.102413177490234},"rotation":{"x":-0.10765640437602997,"y":0.18586406111717225,"z":-0.020491814240813257,"w":-0.9764468669891357},"size":17.790672302246095,"orthographic":false}