{"cameraMode":{"drawMode":0,"name":"Shaded","section":"Shading Mode"},"sceneLighting":true,"audioPlay":false,"sceneViewState":{"showFog":true,"showMaterialUpdate":false,"showSkybox":true,"showFlares":true,"showImageEffects":true,"showParticleSystems":true},"in2DMode":false,"pivot":{"x":-0.08256053924560547,"y":0.39775705337524416,"z":-6.231722831726074},"rotation":{"x":-0.23145464062690736,"y":0.07637081295251847,"z":-0.018229292705655099,"w":-0.9696722626686096},"size":12.874082565307618,"orthographic":false}