{"cameraMode":{"drawMode":0,"name":"Shaded","section":"Shading Mode"},"sceneLighting":true,"audioPlay":false,"sceneViewState":{"showFog":true,"showMaterialUpdate":false,"showSkybox":true,"showFlares":true,"showImageEffects":true,"showParticleSystems":true},"in2DMode":false,"pivot":{"x":2.513638496398926,"y":0.7242798805236816,"z":-1.5066871643066407},"rotation":{"x":-0.04679166525602341,"y":0.006589693017303944,"z":-0.0003088725497946143,"w":-0.9988828301429749},"size":27.299413681030275,"orthographic":false}