{"cameraMode":{"drawMode":0,"name":"Shaded","section":"Shading Mode"},"sceneLighting":true,"audioPlay":false,"sceneViewState":{"showFog":true,"showMaterialUpdate":false,"showSkybox":true,"showFlares":true,"showImageEffects":true,"showParticleSystems":true},"in2DMode":false,"pivot":{"x":2.6845829486846926,"y":-5.062142848968506,"z":10.261587142944336},"rotation":{"x":-0.05572205409407616,"y":-0.0458151139318943,"z":0.002560229739174247,"w":-0.9973960518836975},"size":50.865394592285159,"orthographic":false}